Issue Number,ISIN,Issuer,Issue date,Maturity date,Type,Individual Nominal Value,Currency
FXD1/2008/020,KE1000001493,GOVERNMENT OF KENYA,30 Jun 2008,05 Jun 2028,Treasury Bonds,"50,000",KES
FXD2/2010/015,KE2000001558,GOVERNMENT OF KENYA,27 Dec 2010,08 Dec 2025,Treasury Bonds,"50,000",KES
SDB1/2011/030,KE2000002135,GOVERNMENT OF KENYA,28 Feb 2011,21 Jan 2041,Treasury Bonds,"50,000",KES
FXD1/2011/020,KE2000002176,GOVERNMENT OF KENYA,30 May 2011,05 May 2031,Treasury Bonds,"50,000",KES
IFB1/2011/012,KE2000002242,GOVERNMENT OF KENYA,03 Oct 2011,18 Sep 2023,Treasury Bonds,1,KES
IFB1/2013/012,KE3000008130,GOVERNMENT OF KENYA,30 Sep 2013,15 Sep 2025,Treasury Bonds,1,KES
FXD1/2014/010,KE3000008890,GOVERNMENT OF KENYA,27 Jan 2014,15 Jan 2024,Treasury Bonds,"50,000",KES
IFB1/2014/012,KE4000001109,GOVERNMENT OF KENYA,27 Oct 2014,12 Oct 2026,Treasury Bonds,1,KES
IFB1/2015/012,KE4000001653,GOVERNMENT OF KENYA,30 Mar 2015,15 Mar 2027,Treasury Bonds,"50,000",KES
FXD1/2010/025,KE4000003089,GOVERNMENT OF KENYA,28 Jun 2010,28 May 2035,Treasury Bonds,"50,000",KES
FXD1/2009/015,KE4000003436,GOVERNMENT OF KENYA,26 Oct 2009,07 Oct 2024,Treasury Bonds,"50,000",KES
FXD1/2010/015,KE4000003550,GOVERNMENT OF KENYA,29 Mar 2010,10 Mar 2025,Treasury Bonds,"50,000",KES
FXD1/2012/015,KE4000003675,GOVERNMENT OF KENYA,24 Sep 2012,06 Sep 2027,Treasury Bonds,"50,000",KES
FXD1/2013/015,KE4000003790,GOVERNMENT OF KENYA,25 Feb 2013,07 Feb 2028,Treasury Bonds,"50,000",KES
FXD2/2013/015,KE4000003808,GOVERNMENT OF KENYA,29 Apr 2013,10 Apr 2028,Treasury Bonds,"50,000",KES
FXD1/2012/020,KE4000003949,GOVERNMENT OF KENYA,26 Nov 2012,01 Nov 2032,Treasury Bonds,"50,000",KES
IFB1/2015/009,KE5000004100,GOVERNMENT OF KENYA,14 Dec 2015,02 Dec 2024,Treasury Bonds,"50,000",KES
IFB1/2016/009,KE5000004654,GOVERNMENT OF KENYA,23 May 2016,12 May 2025,Treasury Bonds,1,KES
FXD1/2016/010,KE5000006329,GOVERNMENT OF KENYA,29 Aug 2016,17 Aug 2026,Treasury Bonds,"50,000",KES
FXD1/2016/020,KE5000006543,GOVERNMENT OF KENYA,26 Sep 2016,01 Sep 2036,Treasury Bonds,"50,000",KES
IFB1/2016/015,KE5000006659,GOVERNMENT OF KENYA,24 Oct 2016,06 Oct 2031,Treasury Bonds,"50,000",KES
IFB1/2017/012,KE5000006980,GOVERNMENT OF KENYA,27 Feb 2017,12 Feb 2029,Treasury Bonds,"50,000",KES
FXD1/2017/010,KE5000007327,GOVERNMENT OF KENYA,31 Jul 2017,19 Jul 2027,Treasury Bonds,"50,000",KES
IFB1/2017/007,KE5000007988,GOVERNMENT OF KENYA,27 Nov 2017,18 Nov 2024,Treasury Bonds,1,KES
IFB1/2018/015,KE5000008093,GOVERNMENT OF KENYA,29 Jan 2018,10 Jan 2033,Treasury Bonds,1,KES
FXD1/2018/020,KE5000008325,GOVERNMENT OF KENYA,26 Mar 2018,01 Mar 2038,Treasury Bonds,"50,000",KES
FXD1/2018/015,KE5000008432,GOVERNMENT OF KENYA,28 May 2018,09 May 2033,Treasury Bonds,"50,000",KES
FXD1/2018/025,KE5000008549,GOVERNMENT OF KENYA,25 Jun 2018,25 May 2043,Treasury Bonds,"50,000",KES
FXD2/2018/020,KE5000008655,GOVERNMENT OF KENYA,30 Jul 2018,05 Jul 2038,Treasury Bonds,"50,000",KES
FXD1/2018/010,KE5000008762,GOVERNMENT OF KENYA,27 Aug 2018,14 Aug 2028,Treasury Bonds,"50,000",KES
FXD2/2018/015,KE5000008879,GOVERNMENT OF KENYA,22 Oct 2018,03 Oct 2033,Treasury Bonds,"50,000",KES
IFB1/2018/020,KE5000009109,GOVERNMENT OF KENYA,19 Nov 2018,25 Oct 2038,Treasury Bonds,1,KES
FXD2/2018/010,KE5000009216,GOVERNMENT OF KENYA,17 Dec 2018,04 Dec 2028,Treasury Bonds,"50,000",KES
FXD1/2019/015,KE5000009430,GOVERNMENT OF KENYA,28 Jan 2019,09 Jan 2034,Treasury Bonds,"50,000",KES
FXD1/2019/005,KE5000009547,GOVERNMENT OF KENYA,25 Feb 2019,19 Feb 2024,Treasury Bonds,"50,000",KES
FXD1/2019/010,KE5000009653,GOVERNMENT OF KENYA,25 Feb 2019,12 Feb 2029,Treasury Bonds,"50,000",KES
IFB1/2019/025,KE5000009760,GOVERNMENT OF KENYA,25 Mar 2019,22 Feb 2044,Treasury Bonds,"50,000",KES
FXD2/2019/010,KE5000009877,GOVERNMENT OF KENYA,15 Apr 2019,02 Apr 2029,Treasury Bonds,"50,000",KES
FXD1/2019/020,KE5000009984,GOVERNMENT OF KENYA,15 Apr 2019,21 Mar 2039,Treasury Bonds,"50,000",KES
FXD2/2019/005,KE6000001096,GOVERNMENT OF KENYA,13 May 2019,06 May 2024,Treasury Bonds,"50,000",KES
FXD2/2019/015,KE6000001104,GOVERNMENT OF KENYA,13 May 2019,24 Apr 2034,Treasury Bonds,"50,000",KES
FXD3/2019/015,KE6000001328,GOVERNMENT OF KENYA,29 Jul 2019,10 Jul 2034,Treasury Bonds,"50,000",KES
FXD3/2019/010,KE6000004876,GOVERNMENT OF KENYA,19 Aug 2019,06 Aug 2029,Treasury Bonds,"50,000",KES
IFB1/2019/016,KE6000005543,GOVERNMENT OF KENYA,28 Oct 2019,08 Oct 2035,Treasury Bonds,"50,000",KES
FXD4/2019/010,KE6000005659,GOVERNMENT OF KENYA,25 Nov 2019,12 Nov 2029,Treasury Bonds,"50,000",KES
FXD3/2019/005,KE6000005766,GOVERNMENT OF KENYA,16 Dec 2019,09 Dec 2024,Treasury Bonds,"50,000",KES
FXD1/2020/015,KE6000007218,GOVERNMENT OF KENYA,24 Feb 2020,05 Feb 2035,Treasury Bonds,"50,000",KES
IFB1/2020/009,KE6000008430,GOVERNMENT OF KENYA,13 Apr 2020,02 Apr 2029,Treasury Bonds,"50,000",KES
FXD1/2020/005,KE6000008547,GOVERNMENT OF KENYA,11 May 2020,05 May 2025,Treasury Bonds,"50,000",KES
IFB1/2020/006,KE6000008653,GOVERNMENT OF KENYA,01 Jun 2020,25 May 2026,Treasury Bonds,"50,000",KES
IFB1/2020/011,KE6000009545,GOVERNMENT OF KENYA,24 Aug 2020,11 Aug 2031,Treasury Bonds,"50,000",KES
IFB1/2021/016,KE7000002324,GOVERNMENT OF KENYA,25 Jan 2021,05 Jan 2037,Treasury Bonds,"50,000",KES
IFB1/2021/018,KE7000003546,GOVERNMENT OF KENYA,12 Apr 2021,21 Mar 2039,Treasury Bonds,"50,000",KES
FXD1/2021/025,KE7000003652,GOVERNMENT OF KENYA,10 May 2021,09 Apr 2046,Treasury Bonds,"50,000",KES
FXD1/2021/020,KE7000005210,GOVERNMENT OF KENYA,16 Aug 2021,22 Jul 2041,Treasury Bonds,"50,000",KES
IFB1/2021/021,KE7000005327,GOVERNMENT OF KENYA,13 Sep 2021,18 Aug 2042,Treasury Bonds,"50,000",KES
FXD1/2021/005,KE7000006655,GOVERNMENT OF KENYA,15 Nov 2021,09 Nov 2026,Treasury Bonds,"50,000",KES
IFB1/2022/019,KE7000007877,GOVERNMENT OF KENYA,21 Feb 2022,28 Jan 2041,Treasury Bonds,"50,000",KES
FXD1/2022/003,KE7000009212,GOVERNMENT OF KENYA,11 Apr 2022,07 Apr 2025,Treasury Bonds,"50,000",KES
FXD1/2022/015,KE7000009329,GOVERNMENT OF KENYA,25 Apr 2022,06 Apr 2037,Treasury Bonds,"50,000",KES
FXD1/2022/010,KE7000009436,GOVERNMENT OF KENYA,16 May 2022,03 May 2032,Treasury Bonds,"50,000",KES
IFB1/2022/018,KE8000002322,GOVERNMENT OF KENYA,13 Jun 2022,21 May 2040,Treasury Bonds,"50,000",KES
FXD1/2022/025,KE8000005093,GOVERNMENT OF KENYA,24 Oct 2022,23 Sep 2047,Treasury Bonds,"50,000",KES
IFB1/2022/014,KE8000005218,GOVERNMENT OF KENYA,14 Nov 2022,27 Oct 2036,Treasury Bonds,"50,000",KES
IFB1/2022/006,KE8000005325,GOVERNMENT OF KENYA,05 Dec 2022,27 Nov 2028,Treasury Bonds,"50,000",KES
FXD1/2023/010,KE8000005432,GOVERNMENT OF KENYA,13 Feb 2023,31 Jan 2033,Treasury Bonds,"50,000",KES
IFB1/2023/017,KE8000005549,GOVERNMENT OF KENYA,13 Mar 2023,20 Feb 2040,Treasury Bonds,"50,000",KES
FXD1/2023/003,KE8000005762,GOVERNMENT OF KENYA,15 May 2023,11 May 2026,Treasury Bonds,"50,000",KES
IFB1/2023/007,KE8000005879,GOVERNMENT OF KENYA,19 Jun 2023,10 Jun 2030,Treasury Bonds,"50,000",KES
FXD1/2023/005,KE8000005986,GOVERNMENT OF KENYA,17 Jul 2023,10 Jul 2028,Treasury Bonds,"50,000",KES
FXD1/2023/002,KE8000006109,GOVERNMENT OF KENYA,21 Aug 2023,18 Aug 2025,Treasury Bonds,"50,000",KES
IFB1/2023/6.5,KE8000006216,GOVERNMENT OF KENYA,13 Nov 2023,06 May 2030,Treasury Bonds,"50,000",KES
FXD1/2024/003,KE8000006323,GOVERNMENT OF KENYA,15 Jan 2024,11 Jan 2027,Treasury Bonds,"50,000",KES
IFB1/2024/8.5,KE8000006430,GOVERNMENT OF KENYA,19 Feb 2024,09 Aug 2032,Treasury Bonds,"50,000",KES
FXD1/2024/010,KE8000006547,GOVERNMENT OF KENYA,25 Mar 2024,13 Mar 2034,Treasury Bonds,"50,000",KES
FXD1/2026/030,KE8000006760,GOVERNMENT OF KENYA,20 Apr 2026,13 Mar 2056,Treasury Bonds,"50,000",KES
2410/364,KE9100003103,GOVERNMENT OF KENYA,08 Aug 2022,07 Aug 2023,Treasury Bills,"50,000",KES
2484/182,KE9100003210,GOVERNMENT OF KENYA,06 Feb 2023,07 Aug 2023,Treasury Bills,"50,000",KES
2411/364,KE9100003327,GOVERNMENT OF KENYA,15 Aug 2022,14 Aug 2023,Treasury Bills,"50,000",KES
2485/182,KE9100003434,GOVERNMENT OF KENYA,13 Feb 2023,14 Aug 2023,Treasury Bills,"50,000",KES
2412/364,KE9100003657,GOVERNMENT OF KENYA,22 Aug 2022,21 Aug 2023,Treasury Bills,"50,000",KES
2413/364,KE9100003764,GOVERNMENT OF KENYA,29 Aug 2022,28 Aug 2023,Treasury Bills,"50,000",KES
2414/364,KE9100003988,GOVERNMENT OF KENYA,05 Sep 2022,04 Sep 2023,Treasury Bills,"50,000",KES
2415/364,KE9100004093,GOVERNMENT OF KENYA,12 Sep 2022,11 Sep 2023,Treasury Bills,"50,000",KES
2416/364,KE9100004218,GOVERNMENT OF KENYA,19 Sep 2022,18 Sep 2023,Treasury Bills,"50,000",KES
2417/364,KE9100004325,GOVERNMENT OF KENYA,26 Sep 2022,25 Sep 2023,Treasury Bills,"50,000",KES
2418/364,KE9100004432,GOVERNMENT OF KENYA,03 Oct 2022,02 Oct 2023,Treasury Bills,"50,000",KES
2419/364,KE9100004549,GOVERNMENT OF KENYA,10 Oct 2022,09 Oct 2023,Treasury Bills,"50,000",KES
2420/364,KE9100004655,GOVERNMENT OF KENYA,17 Oct 2022,16 Oct 2023,Treasury Bills,"50,000",KES
2421/364,KE9100004762,GOVERNMENT OF KENYA,24 Oct 2022,23 Oct 2023,Treasury Bills,"50,000",KES
2422/364,KE9100004879,GOVERNMENT OF KENYA,31 Oct 2022,30 Oct 2023,Treasury Bills,"50,000",KES
2423/364,KE9100004986,GOVERNMENT OF KENYA,07 Nov 2022,06 Nov 2023,Treasury Bills,"50,000",KES
2424/364,KE9100005090,GOVERNMENT OF KENYA,14 Nov 2022,13 Nov 2023,Treasury Bills,"50,000",KES
2425/364,KE9100005108,GOVERNMENT OF KENYA,21 Nov 2022,20 Nov 2023,Treasury Bills,"50,000",KES
2426/364,KE9100005215,GOVERNMENT OF KENYA,28 Nov 2022,27 Nov 2023,Treasury Bills,"50,000",KES
2428/364,KE9100005322,GOVERNMENT OF KENYA,05 Dec 2022,04 Dec 2023,Treasury Bills,"50,000",KES
2429/364,KE9100005439,GOVERNMENT OF KENYA,12 Dec 2022,11 Dec 2023,Treasury Bills,"50,000",KES
2430/364,KE9100005546,GOVERNMENT OF KENYA,19 Dec 2022,18 Dec 2023,Treasury Bills,"50,000",KES
2431/364,KE9100005652,GOVERNMENT OF KENYA,26 Dec 2022,25 Dec 2023,Treasury Bills,"50,000",KES
2432/364,KE9100005769,GOVERNMENT OF KENYA,02 Jan 2023,01 Jan 2024,Treasury Bills,"50,000",KES
2433/364,KE9100005876,GOVERNMENT OF KENYA,09 Jan 2023,08 Jan 2024,Treasury Bills,"50,000",KES
2434/364,KE9100005983,GOVERNMENT OF KENYA,16 Jan 2023,15 Jan 2024,Treasury Bills,"50,000",KES
2435/364,KE9100006098,GOVERNMENT OF KENYA,23 Jan 2023,22 Jan 2024,Treasury Bills,"50,000",KES
2436/364,KE9100006106,GOVERNMENT OF KENYA,30 Jan 2023,29 Jan 2024,Treasury Bills,"50,000",KES
2437/364,KE9100006213,GOVERNMENT OF KENYA,06 Feb 2023,05 Feb 2024,Treasury Bills,"50,000",KES
2438/364,KE9100006320,GOVERNMENT OF KENYA,13 Feb 2023,12 Feb 2024,Treasury Bills,"50,000",KES
2487/182,KE9100006544,GOVERNMENT OF KENYA,27 Feb 2023,28 Aug 2023,Treasury Bills,"50,000",KES
2440/364,KE9100006650,GOVERNMENT OF KENYA,27 Feb 2023,26 Feb 2024,Treasury Bills,"50,000",KES
2486/182,KE9100006874,GOVERNMENT OF KENYA,20 Feb 2023,21 Aug 2023,Treasury Bills,"50,000",KES
2439/364,KE9100007096,GOVERNMENT OF KENYA,20 Feb 2023,19 Feb 2024,Treasury Bills,"50,000",KES
2427/364,KE9100007104,GOVERNMENT OF KENYA,28 Nov 2022,27 Nov 2023,Treasury Bills,"50,000",KES
2488/182,KE9100007435,GOVERNMENT OF KENYA,06 Mar 2023,04 Sep 2023,Treasury Bills,"50,000",KES
2441/364,KE9100008987,GOVERNMENT OF KENYA,06 Mar 2023,04 Mar 2024,Treasury Bills,"50,000",KES
2489/182,KE9100009100,GOVERNMENT OF KENYA,13 Mar 2023,11 Sep 2023,Treasury Bills,"50,000",KES
2442/364,KE9100009217,GOVERNMENT OF KENYA,13 Mar 2023,11 Mar 2024,Treasury Bills,"50,000",KES
2490/182,KE9100009548,GOVERNMENT OF KENYA,20 Mar 2023,18 Sep 2023,Treasury Bills,"50,000",KES
2443/364,KE9100009654,GOVERNMENT OF KENYA,20 Mar 2023,18 Mar 2024,Treasury Bills,"50,000",KES
2491/182,KE9100009985,GOVERNMENT OF KENYA,27 Mar 2023,25 Sep 2023,Treasury Bills,"50,000",KES
2444/364,KE9200000090,GOVERNMENT OF KENYA,27 Mar 2023,25 Mar 2024,Treasury Bills,"50,000",KES
2492/182,KE9200000215,GOVERNMENT OF KENYA,03 Apr 2023,02 Oct 2023,Treasury Bills,"50,000",KES
2445/364,KE9200000322,GOVERNMENT OF KENYA,03 Apr 2023,01 Apr 2024,Treasury Bills,1,KES
2493/182,KE9200000546,GOVERNMENT OF KENYA,10 Apr 2023,09 Oct 2023,Treasury Bills,"50,000",KES
2446/364,KE9200000652,GOVERNMENT OF KENYA,10 Apr 2023,08 Apr 2024,Treasury Bills,"50,000",KES
2494/182,KE9200000876,GOVERNMENT OF KENYA,17 Apr 2023,16 Oct 2023,Treasury Bills,"50,000",KES
2447/364,KE9200000983,GOVERNMENT OF KENYA,17 Apr 2023,15 Apr 2024,Treasury Bills,"50,000",KES
2495/182,KE9200001106,GOVERNMENT OF KENYA,24 Apr 2023,23 Oct 2023,Treasury Bills,"50,000",KES
2448/364,KE9200001213,GOVERNMENT OF KENYA,24 Apr 2023,22 Apr 2024,Treasury Bills,"50,000",KES
2496/182,KE9200001437,GOVERNMENT OF KENYA,01 May 2023,30 Oct 2023,Treasury Bills,"50,000",KES
2449/364,KE9200001544,GOVERNMENT OF KENYA,01 May 2023,29 Apr 2024,Treasury Bills,"50,000",KES
2524/091,KE9200001650,GOVERNMENT OF KENYA,08 May 2023,07 Aug 2023,Treasury Bills,"50,000",KES
2497/182,KE9200001767,GOVERNMENT OF KENYA,08 May 2023,06 Nov 2023,Treasury Bills,"50,000",KES
2450/364,KE9200001874,GOVERNMENT OF KENYA,08 May 2023,06 May 2024,Treasury Bills,"50,000",KES
2525/091,KE9200002096,GOVERNMENT OF KENYA,15 May 2023,14 Aug 2023,Treasury Bills,"50,000",KES
2498/182,KE9200002104,GOVERNMENT OF KENYA,15 May 2023,13 Nov 2023,Treasury Bills,"50,000",KES
2451/364,KE9200002328,GOVERNMENT OF KENYA,15 May 2023,13 May 2024,Treasury Bills,"50,000",KES
2526/091,KE9200002435,GOVERNMENT OF KENYA,22 May 2023,21 Aug 2023,Treasury Bills,"50,000",KES
2499/182,KE9200002542,GOVERNMENT OF KENYA,22 May 2023,20 Nov 2023,Treasury Bills,"50,000",KES
2452/364,KE9200002658,GOVERNMENT OF KENYA,22 May 2023,20 May 2024,Treasury Bills,"50,000",KES
2527/091,KE9200002765,GOVERNMENT OF KENYA,29 May 2023,28 Aug 2023,Treasury Bills,"50,000",KES
2500/182,KE9200002872,GOVERNMENT OF KENYA,29 May 2023,27 Nov 2023,Treasury Bills,"50,000",KES
2453/364,KE9200002989,GOVERNMENT OF KENYA,29 May 2023,27 May 2024,Treasury Bills,"50,000",KES
2528/091,KE9200003094,GOVERNMENT OF KENYA,05 Jun 2023,04 Sep 2023,Treasury Bills,"50,000",KES
2501/182,KE9200003102,GOVERNMENT OF KENYA,05 Jun 2023,04 Dec 2023,Treasury Bills,"50,000",KES
2454/364,KE9200003219,GOVERNMENT OF KENYA,05 Jun 2023,03 Jun 2024,Treasury Bills,"50,000",KES
2529/091,KE9200003326,GOVERNMENT OF KENYA,12 Jun 2023,11 Sep 2023,Treasury Bills,"50,000",KES
2502/182,KE9200003433,GOVERNMENT OF KENYA,12 Jun 2023,11 Dec 2023,Treasury Bills,"50,000",KES
2455/364,KE9200003540,GOVERNMENT OF KENYA,12 Jun 2023,10 Jun 2024,Treasury Bills,"50,000",KES
2530/091,KE9200003656,GOVERNMENT OF KENYA,19 Jun 2023,18 Sep 2023,Treasury Bills,"50,000",KES
2503/182,KE9200003763,GOVERNMENT OF KENYA,19 Jun 2023,18 Dec 2023,Treasury Bills,"50,000",KES
2456/364,KE9200003987,GOVERNMENT OF KENYA,19 Jun 2023,17 Jun 2024,Treasury Bills,"50,000",KES
2531/091,KE9200004092,GOVERNMENT OF KENYA,26 Jun 2023,25 Sep 2023,Treasury Bills,"50,000",KES
2504/182,KE9200004100,GOVERNMENT OF KENYA,26 Jun 2023,25 Dec 2023,Treasury Bills,"50,000",KES
2457/364,KE9200004217,GOVERNMENT OF KENYA,26 Jun 2023,24 Jun 2024,Treasury Bills,"50,000",KES
2532/091,KE9200004324,GOVERNMENT OF KENYA,03 Jul 2023,02 Oct 2023,Treasury Bills,"50,000",KES
2505/182,KE9200004548,GOVERNMENT OF KENYA,03 Jul 2023,01 Jan 2024,Treasury Bills,"50,000",KES
2458/364,KE9200004654,GOVERNMENT OF KENYA,03 Jul 2023,01 Jul 2024,Treasury Bills,"50,000",KES
2533/091,KE9200004878,GOVERNMENT OF KENYA,10 Jul 2023,09 Oct 2023,Treasury Bills,"50,000",KES
2506/182,KE9200004985,GOVERNMENT OF KENYA,10 Jul 2023,08 Jan 2024,Treasury Bills,"50,000",KES
2459/364,KE9200005099,GOVERNMENT OF KENYA,10 Jul 2023,08 Jul 2024,Treasury Bills,"50,000",KES
2534/091,KE9200005107,GOVERNMENT OF KENYA,17 Jul 2023,16 Oct 2023,Treasury Bills,"50,000",KES
2507/182,KE9200005214,GOVERNMENT OF KENYA,17 Jul 2023,15 Jan 2024,Treasury Bills,"50,000",KES
2460/364,KE9200005438,GOVERNMENT OF KENYA,17 Jul 2023,15 Jul 2024,Treasury Bills,"50,000",KES
2535/091,KE9200005545,GOVERNMENT OF KENYA,24 Jul 2023,23 Oct 2023,Treasury Bills,"50,000",KES
2508/182,KE9200005768,GOVERNMENT OF KENYA,24 Jul 2023,22 Jan 2024,Treasury Bills,"50,000",KES
2461/364,KE9200005875,GOVERNMENT OF KENYA,24 Jul 2023,22 Jul 2024,Treasury Bills,"50,000",KES
2536/091,KE9200005982,GOVERNMENT OF KENYA,31 Jul 2023,30 Oct 2023,Treasury Bills,"50,000",KES
2509/182,KE9200006097,GOVERNMENT OF KENYA,31 Jul 2023,29 Jan 2024,Treasury Bills,"50,000",KES
2462/364,KE9200006105,GOVERNMENT OF KENYA,31 Jul 2023,29 Jul 2024,Treasury Bills,"50,000",KES
2537/091,KE9200006212,GOVERNMENT OF KENYA,07 Aug 2023,06 Nov 2023,Treasury Bills,"50,000",KES
2510/182,KE9200006329,GOVERNMENT OF KENYA,07 Aug 2023,05 Feb 2024,Treasury Bills,"50,000",KES
2463/364,KE9200006436,GOVERNMENT OF KENYA,07 Aug 2023,05 Aug 2024,Treasury Bills,"50,000",KES
2511/182,KE9200006659,GOVERNMENT OF KENYA,14 Aug 2023,12 Feb 2024,Treasury Bills,"50,000",KES
2464/364,KE9200006766,GOVERNMENT OF KENYA,14 Aug 2023,12 Aug 2024,Treasury Bills,"50,000",KES
2538/091,KE9200006873,GOVERNMENT OF KENYA,14 Aug 2023,13 Nov 2023,Treasury Bills,"50,000",KES
2539/091,KE9200006980,GOVERNMENT OF KENYA,21 Aug 2023,20 Nov 2023,Treasury Bills,"50,000",KES
2512/182,KE9200007095,GOVERNMENT OF KENYA,21 Aug 2023,19 Feb 2024,Treasury Bills,"50,000",KES
2465/364,KE9200007103,GOVERNMENT OF KENYA,21 Aug 2023,19 Aug 2024,Treasury Bills,"50,000",KES
2540/091,KE9200007210,GOVERNMENT OF KENYA,28 Aug 2023,27 Nov 2023,Treasury Bills,"50,000",KES
2513/182,KE9200007327,GOVERNMENT OF KENYA,28 Aug 2023,26 Feb 2024,Treasury Bills,"50,000",KES
2466/364,KE9200007434,GOVERNMENT OF KENYA,28 Aug 2023,26 Aug 2024,Treasury Bills,"50,000",KES
2541/091,KE9200007657,GOVERNMENT OF KENYA,04 Sep 2023,04 Dec 2023,Treasury Bills,"50,000",KES
2514/182,KE9200007764,GOVERNMENT OF KENYA,04 Sep 2023,04 Mar 2024,Treasury Bills,"50,000",KES
2467/364,KE9200007988,GOVERNMENT OF KENYA,04 Sep 2023,02 Sep 2024,Treasury Bills,"50,000",KES
2542/091,KE9200008093,GOVERNMENT OF KENYA,11 Sep 2023,11 Dec 2023,Treasury Bills,"50,000",KES
2515/182,KE9200008218,GOVERNMENT OF KENYA,11 Sep 2023,11 Mar 2024,Treasury Bills,"50,000",KES
2468/364,KE9200008325,GOVERNMENT OF KENYA,11 Sep 2023,09 Sep 2024,Treasury Bills,"50,000",KES
2543/091,KE9200008432,GOVERNMENT OF KENYA,18 Sep 2023,18 Dec 2023,Treasury Bills,"50,000",KES
2516/182,KE9200008549,GOVERNMENT OF KENYA,18 Sep 2023,18 Mar 2024,Treasury Bills,"50,000",KES
2469/364,KE9200008655,GOVERNMENT OF KENYA,18 Sep 2023,16 Sep 2024,Treasury Bills,"50,000",KES
2544/091,KE9200008762,GOVERNMENT OF KENYA,25 Sep 2023,25 Dec 2023,Treasury Bills,"50,000",KES
2517/182,KE9200008879,GOVERNMENT OF KENYA,25 Sep 2023,25 Mar 2024,Treasury Bills,"50,000",KES
2470/364,KE9200008986,GOVERNMENT OF KENYA,25 Sep 2023,23 Sep 2024,Treasury Bills,"50,000",KES
2545/091,KE9200009109,GOVERNMENT OF KENYA,02 Oct 2023,01 Jan 2024,Treasury Bills,"50,000",KES
2518/182,KE9200009216,GOVERNMENT OF KENYA,02 Oct 2023,01 Apr 2024,Treasury Bills,"50,000",KES
2471/364,KE9200009323,GOVERNMENT OF KENYA,02 Oct 2023,30 Sep 2024,Treasury Bills,"50,000",KES
2546/091,KE9200009430,GOVERNMENT OF KENYA,09 Oct 2023,08 Jan 2024,Treasury Bills,"50,000",KES
2519/182,KE9200009547,GOVERNMENT OF KENYA,09 Oct 2023,08 Apr 2024,Treasury Bills,"50,000",KES
2472/364,KE9200009653,GOVERNMENT OF KENYA,09 Oct 2023,07 Oct 2024,Treasury Bills,"50,000",KES
2547/091,KE9200009760,GOVERNMENT OF KENYA,16 Oct 2023,15 Jan 2024,Treasury Bills,"50,000",KES
2520/182,KE9200009877,GOVERNMENT OF KENYA,16 Oct 2023,15 Apr 2024,Treasury Bills,"50,000",KES
2473/364,KE9200009984,GOVERNMENT OF KENYA,16 Oct 2023,14 Oct 2024,Treasury Bills,"50,000",KES
2548/091,KE9300000099,GOVERNMENT OF KENYA,23 Oct 2023,22 Jan 2024,Treasury Bills,"50,000",KES
2521/182,KE9300000107,GOVERNMENT OF KENYA,23 Oct 2023,22 Apr 2024,Treasury Bills,"50,000",KES
2474/364,KE9300000214,GOVERNMENT OF KENYA,23 Oct 2023,21 Oct 2024,Treasury Bills,"50,000",KES
2549/091,KE9300000438,GOVERNMENT OF KENYA,30 Oct 2023,29 Jan 2024,Treasury Bills,"50,000",KES
2522/182,KE9300000545,GOVERNMENT OF KENYA,30 Oct 2023,29 Apr 2024,Treasury Bills,"50,000",KES
2475/364,KE9300000768,GOVERNMENT OF KENYA,30 Oct 2023,28 Oct 2024,Treasury Bills,"50,000",KES
2550/091,KE9300000875,GOVERNMENT OF KENYA,06 Nov 2023,05 Feb 2024,Treasury Bills,"50,000",KES
2523/182,KE9300000982,GOVERNMENT OF KENYA,06 Nov 2023,06 May 2024,Treasury Bills,"50,000",KES
2476/364,KE9300001097,GOVERNMENT OF KENYA,06 Nov 2023,04 Nov 2024,Treasury Bills,"50,000",KES
2551/091,KE9300001105,GOVERNMENT OF KENYA,13 Nov 2023,12 Feb 2024,Treasury Bills,"50,000",KES
2524/182,KE9300001212,GOVERNMENT OF KENYA,13 Nov 2023,13 May 2024,Treasury Bills,"50,000",KES
2477/364,KE9300001329,GOVERNMENT OF KENYA,13 Nov 2023,11 Nov 2024,Treasury Bills,"50,000",KES
2552/091,KE9300001436,GOVERNMENT OF KENYA,20 Nov 2023,19 Feb 2024,Treasury Bills,"50,000",KES
2525/182,KE9300001543,GOVERNMENT OF KENYA,20 Nov 2023,20 May 2024,Treasury Bills,"50,000",KES
2478/364,KE9300001659,GOVERNMENT OF KENYA,20 Nov 2023,18 Nov 2024,Treasury Bills,"50,000",KES
2553/091,KE9300001766,GOVERNMENT OF KENYA,27 Nov 2023,26 Feb 2024,Treasury Bills,"50,000",KES
2526/182,KE9300001873,GOVERNMENT OF KENYA,27 Nov 2023,27 May 2024,Treasury Bills,"50,000",KES
2479/364,KE9300001980,GOVERNMENT OF KENYA,27 Nov 2023,25 Nov 2024,Treasury Bills,"50,000",KES
2480/364,KE9300002095,GOVERNMENT OF KENYA,27 Nov 2023,25 Nov 2024,Treasury Bills,"50,000",KES
2554/091,KE9300002103,GOVERNMENT OF KENYA,04 Dec 2023,04 Mar 2024,Treasury Bills,"50,000",KES
2527/182,KE9300002210,GOVERNMENT OF KENYA,04 Dec 2023,03 Jun 2024,Treasury Bills,"50,000",KES
2481/364,KE9300002327,GOVERNMENT OF KENYA,04 Dec 2023,02 Dec 2024,Treasury Bills,"50,000",KES
2555/091,KE9300002434,GOVERNMENT OF KENYA,11 Dec 2023,11 Mar 2024,Treasury Bills,"50,000",KES
2528/182,KE9300002657,GOVERNMENT OF KENYA,11 Dec 2023,10 Jun 2024,Treasury Bills,"50,000",KES
2482/364,KE9300002764,GOVERNMENT OF KENYA,11 Dec 2023,09 Dec 2024,Treasury Bills,"50,000",KES
2556/091,KE9300002988,GOVERNMENT OF KENYA,18 Dec 2023,18 Mar 2024,Treasury Bills,"50,000",KES
2529/182,KE9300003093,GOVERNMENT OF KENYA,18 Dec 2023,17 Jun 2024,Treasury Bills,"50,000",KES
2483/364,KE9300003218,GOVERNMENT OF KENYA,18 Dec 2023,16 Dec 2024,Treasury Bills,"50,000",KES
2557/091,KE9300003325,GOVERNMENT OF KENYA,25 Dec 2023,25 Mar 2024,Treasury Bills,"50,000",KES
2530/182,KE9300003432,GOVERNMENT OF KENYA,25 Dec 2023,24 Jun 2024,Treasury Bills,"50,000",KES
2484/364,KE9300003549,GOVERNMENT OF KENYA,25 Dec 2023,23 Dec 2024,Treasury Bills,"50,000",KES
2558/091,KE9300003655,GOVERNMENT OF KENYA,01 Jan 2024,01 Apr 2024,Treasury Bills,"50,000",KES
2531/182,KE9300003762,GOVERNMENT OF KENYA,01 Jan 2024,01 Jul 2024,Treasury Bills,"50,000",KES
2485/364,KE9300003879,GOVERNMENT OF KENYA,01 Jan 2024,30 Dec 2024,Treasury Bills,"50,000",KES
2559/091,KE9300003986,GOVERNMENT OF KENYA,08 Jan 2024,08 Apr 2024,Treasury Bills,"50,000",KES
2532/182,KE9300004109,GOVERNMENT OF KENYA,08 Jan 2024,08 Jul 2024,Treasury Bills,"50,000",KES
2486/364,KE9300004216,GOVERNMENT OF KENYA,08 Jan 2024,06 Jan 2025,Treasury Bills,"50,000",KES
2560/091,KE9300004323,GOVERNMENT OF KENYA,15 Jan 2024,15 Apr 2024,Treasury Bills,"50,000",KES
2533/182,KE9300004430,GOVERNMENT OF KENYA,15 Jan 2024,15 Jul 2024,Treasury Bills,"50,000",KES
2487/364,KE9300004547,GOVERNMENT OF KENYA,15 Jan 2024,13 Jan 2025,Treasury Bills,"50,000",KES
2561/091,KE9300004653,GOVERNMENT OF KENYA,22 Jan 2024,22 Apr 2024,Treasury Bills,"50,000",KES
2534/182,KE9300004760,GOVERNMENT OF KENYA,22 Jan 2024,22 Jul 2024,Treasury Bills,"50,000",KES
2488/364,KE9300004877,GOVERNMENT OF KENYA,22 Jan 2024,20 Jan 2025,Treasury Bills,"50,000",KES
2562/091,KE9300004984,GOVERNMENT OF KENYA,29 Jan 2024,29 Apr 2024,Treasury Bills,"50,000",KES
2535/182,KE9300005098,GOVERNMENT OF KENYA,29 Jan 2024,29 Jul 2024,Treasury Bills,"50,000",KES
2489/364,KE9300005106,GOVERNMENT OF KENYA,29 Jan 2024,27 Jan 2025,Treasury Bills,"50,000",KES
2563/091,KE9300005213,GOVERNMENT OF KENYA,05 Feb 2024,06 May 2024,Treasury Bills,"50,000",KES
2536/182,KE9300005320,GOVERNMENT OF KENYA,05 Feb 2024,05 Aug 2024,Treasury Bills,"50,000",KES
2490/364,KE9300005437,GOVERNMENT OF KENYA,05 Feb 2024,03 Feb 2025,Treasury Bills,"50,000",KES
2564/091,KE9300005544,GOVERNMENT OF KENYA,12 Feb 2024,13 May 2024,Treasury Bills,"50,000",KES
2537/182,KE9300005650,GOVERNMENT OF KENYA,12 Feb 2024,12 Aug 2024,Treasury Bills,"50,000",KES
2491/364,KE9300005767,GOVERNMENT OF KENYA,12 Feb 2024,10 Feb 2025,Treasury Bills,"50,000",KES
2565/091,KE9300005874,GOVERNMENT OF KENYA,19 Feb 2024,20 May 2024,Treasury Bills,"50,000",KES
2538/182,KE9300006096,GOVERNMENT OF KENYA,19 Feb 2024,19 Aug 2024,Treasury Bills,"50,000",KES
2492/364,KE9300006104,GOVERNMENT OF KENYA,19 Feb 2024,17 Feb 2025,Treasury Bills,"50,000",KES
2566/091,KE9300006328,GOVERNMENT OF KENYA,26 Feb 2024,27 May 2024,Treasury Bills,"50,000",KES
2539/182,KE9300006435,GOVERNMENT OF KENYA,26 Feb 2024,26 Aug 2024,Treasury Bills,"50,000",KES
2493/364,KE9300006542,GOVERNMENT OF KENYA,26 Feb 2024,24 Feb 2025,Treasury Bills,"50,000",KES
2567/091,KE9300006658,GOVERNMENT OF KENYA,04 Mar 2024,03 Jun 2024,Treasury Bills,"50,000",KES
2540/182,KE9300006765,GOVERNMENT OF KENYA,04 Mar 2024,02 Sep 2024,Treasury Bills,"50,000",KES
2494/364,KE9300006872,GOVERNMENT OF KENYA,04 Mar 2024,03 Mar 2025,Treasury Bills,"50,000",KES
2568/091,KE9300006989,GOVERNMENT OF KENYA,11 Mar 2024,10 Jun 2024,Treasury Bills,"50,000",KES
2541/182,KE9300007094,GOVERNMENT OF KENYA,11 Mar 2024,09 Sep 2024,Treasury Bills,"50,000",KES
2495/364,KE9300007102,GOVERNMENT OF KENYA,11 Mar 2024,10 Mar 2025,Treasury Bills,"50,000",KES
2569/091,KE9300007219,GOVERNMENT OF KENYA,18 Mar 2024,17 Jun 2024,Treasury Bills,"50,000",KES
2542/182,KE9300007326,GOVERNMENT OF KENYA,18 Mar 2024,16 Sep 2024,Treasury Bills,"50,000",KES
2496/364,KE9300007433,GOVERNMENT OF KENYA,18 Mar 2024,17 Mar 2025,Treasury Bills,"50,000",KES
2570/091,KE9300007540,GOVERNMENT OF KENYA,25 Mar 2024,24 Jun 2024,Treasury Bills,"50,000",KES
2543/182,KE9300007656,GOVERNMENT OF KENYA,25 Mar 2024,23 Sep 2024,Treasury Bills,"50,000",KES
2497/364,KE9300007763,GOVERNMENT OF KENYA,25 Mar 2024,24 Mar 2025,Treasury Bills,"50,000",KES
2571/091,KE9300007870,GOVERNMENT OF KENYA,01 Apr 2024,01 Jul 2024,Treasury Bills,"50,000",KES
2544/182,KE9300007987,GOVERNMENT OF KENYA,01 Apr 2024,30 Sep 2024,Treasury Bills,"50,000",KES
2498/364,KE9300008092,GOVERNMENT OF KENYA,01 Apr 2024,31 Mar 2025,Treasury Bills,"50,000",KES
2572/091,KE9300008100,GOVERNMENT OF KENYA,08 Apr 2024,08 Jul 2024,Treasury Bills,"50,000",KES
2545/182,KE9300008217,GOVERNMENT OF KENYA,08 Apr 2024,07 Oct 2024,Treasury Bills,"50,000",KES
2499/364,KE9300008324,GOVERNMENT OF KENYA,08 Apr 2024,07 Apr 2025,Treasury Bills,"50,000",KES
2573/091,KE9300008548,GOVERNMENT OF KENYA,15 Apr 2024,15 Jul 2024,Treasury Bills,"50,000",KES
2546/182,KE9300008654,GOVERNMENT OF KENYA,15 Apr 2024,14 Oct 2024,Treasury Bills,"50,000",KES
2500/364,KE9300008878,GOVERNMENT OF KENYA,15 Apr 2024,14 Apr 2025,Treasury Bills,"50,000",KES
2574/091,KE9300008985,GOVERNMENT OF KENYA,22 Apr 2024,22 Jul 2024,Treasury Bills,"50,000",KES
2547/182,KE9300009090,GOVERNMENT OF KENYA,22 Apr 2024,21 Oct 2024,Treasury Bills,"50,000",KES
2501/364,KE9300009108,GOVERNMENT OF KENYA,22 Apr 2024,21 Apr 2025,Treasury Bills,"50,000",KES
2575/091,KE9300009215,GOVERNMENT OF KENYA,29 Apr 2024,29 Jul 2024,Treasury Bills,"50,000",KES
2548/182,KE9300009322,GOVERNMENT OF KENYA,29 Apr 2024,28 Oct 2024,Treasury Bills,"50,000",KES
2502/364,KE9300009439,GOVERNMENT OF KENYA,29 Apr 2024,28 Apr 2025,Treasury Bills,"50,000",KES
2576/091,KE9300009546,GOVERNMENT OF KENYA,06 May 2024,05 Aug 2024,Treasury Bills,"50,000",KES
2549/182,KE9300009652,GOVERNMENT OF KENYA,06 May 2024,04 Nov 2024,Treasury Bills,"50,000",KES
2503/364,KE9300009769,GOVERNMENT OF KENYA,06 May 2024,05 May 2025,Treasury Bills,"50,000",KES
2577/091,KE9300009876,GOVERNMENT OF KENYA,13 May 2024,12 Aug 2024,Treasury Bills,"50,000",KES
2550/182,KE9300009983,GOVERNMENT OF KENYA,13 May 2024,11 Nov 2024,Treasury Bills,"50,000",KES
2504/364,KE9400000098,GOVERNMENT OF KENYA,13 May 2024,12 May 2025,Treasury Bills,"50,000",KES
2578/091,KE9400000106,GOVERNMENT OF KENYA,20 May 2024,19 Aug 2024,Treasury Bills,"50,000",KES
2551/182,KE9400000213,GOVERNMENT OF KENYA,20 May 2024,18 Nov 2024,Treasury Bills,"50,000",KES
2505/364,KE9400000320,GOVERNMENT OF KENYA,20 May 2024,19 May 2025,Treasury Bills,"50,000",KES
2579/091,KE9400000437,GOVERNMENT OF KENYA,27 May 2024,26 Aug 2024,Treasury Bills,"50,000",KES
2552/182,KE9400000544,GOVERNMENT OF KENYA,27 May 2024,25 Nov 2024,Treasury Bills,"50,000",KES
2506/364,KE9400000650,GOVERNMENT OF KENYA,27 May 2024,26 May 2025,Treasury Bills,"50,000",KES
2580/091,KE9400000767,GOVERNMENT OF KENYA,03 Jun 2024,02 Sep 2024,Treasury Bills,"50,000",KES
2553/182,KE9400000874,GOVERNMENT OF KENYA,03 Jun 2024,02 Dec 2024,Treasury Bills,"50,000",KES
2507/364,KE9400001096,GOVERNMENT OF KENYA,03 Jun 2024,02 Jun 2025,Treasury Bills,"50,000",KES
2581/091,KE9400001104,GOVERNMENT OF KENYA,10 Jun 2024,09 Sep 2024,Treasury Bills,"50,000",KES
2554/182,KE9500000097,GOVERNMENT OF KENYA,10 Jun 2024,09 Dec 2024,Treasury Bills,"50,000",KES
2508/364,KE9500000105,GOVERNMENT OF KENYA,10 Jun 2024,09 Jun 2025,Treasury Bills,"50,000",KES
2582/091,KE9500000212,GOVERNMENT OF KENYA,17 Jun 2024,16 Sep 2024,Treasury Bills,"50,000",KES
2555/182,KE9500000329,GOVERNMENT OF KENYA,17 Jun 2024,16 Dec 2024,Treasury Bills,"50,000",KES
2509/364,KE9500000436,GOVERNMENT OF KENYA,17 Jun 2024,16 Jun 2025,Treasury Bills,"50,000",KES
2583/091,KE9500000543,GOVERNMENT OF KENYA,24 Jun 2024,23 Sep 2024,Treasury Bills,"50,000",KES
2556/182,KE9500000659,GOVERNMENT OF KENYA,24 Jun 2024,23 Dec 2024,Treasury Bills,"50,000",KES
2510/364,KE9500000766,GOVERNMENT OF KENYA,24 Jun 2024,23 Jun 2025,Treasury Bills,"50,000",KES
2584/091,KE9500000873,GOVERNMENT OF KENYA,01 Jul 2024,30 Sep 2024,Treasury Bills,"50,000",KES
2557/182,KE9500000980,GOVERNMENT OF KENYA,01 Jul 2024,30 Dec 2024,Treasury Bills,"50,000",KES
2511/364,KE9500001103,GOVERNMENT OF KENYA,01 Jul 2024,30 Jun 2025,Treasury Bills,"50,000",KES
2585/091,KE9500001210,GOVERNMENT OF KENYA,08 Jul 2024,07 Oct 2024,Treasury Bills,"50,000",KES
2558/182,KE9500001327,GOVERNMENT OF KENYA,08 Jul 2024,06 Jan 2025,Treasury Bills,"50,000",KES
2512/364,KE9500001434,GOVERNMENT OF KENYA,08 Jul 2024,07 Jul 2025,Treasury Bills,"50,000",KES
2586/091,KE9500001657,GOVERNMENT OF KENYA,15 Jul 2024,14 Oct 2024,Treasury Bills,"50,000",KES
2559/182,KE9500001764,GOVERNMENT OF KENYA,15 Jul 2024,13 Jan 2025,Treasury Bills,"50,000",KES
2513/364,KE9500001988,GOVERNMENT OF KENYA,15 Jul 2024,14 Jul 2025,Treasury Bills,"50,000",KES
2587/091,KE9500002093,GOVERNMENT OF KENYA,22 Jul 2024,21 Oct 2024,Treasury Bills,"50,000",KES
2560/182,KE9500002218,GOVERNMENT OF KENYA,22 Jul 2024,20 Jan 2025,Treasury Bills,"50,000",KES
2514/364,KE9500002325,GOVERNMENT OF KENYA,22 Jul 2024,21 Jul 2025,Treasury Bills,"50,000",KES
2588/091,KE9500002432,GOVERNMENT OF KENYA,29 Jul 2024,28 Oct 2024,Treasury Bills,"50,000",KES
2561/182,KE9500002549,GOVERNMENT OF KENYA,29 Jul 2024,27 Jan 2025,Treasury Bills,"50,000",KES
2515/364,KE9500002655,GOVERNMENT OF KENYA,29 Jul 2024,28 Jul 2025,Treasury Bills,"50,000",KES
2589/091,KE9500002762,GOVERNMENT OF KENYA,05 Aug 2024,04 Nov 2024,Treasury Bills,"50,000",KES
2562/182,KE9500002879,GOVERNMENT OF KENYA,05 Aug 2024,03 Feb 2025,Treasury Bills,"50,000",KES
2516/364,KE9500002986,GOVERNMENT OF KENYA,05 Aug 2024,04 Aug 2025,Treasury Bills,"50,000",KES
2590/091,KE9500003109,GOVERNMENT OF KENYA,12 Aug 2024,11 Nov 2024,Treasury Bills,"50,000",KES
2563/182,KE9500003216,GOVERNMENT OF KENYA,12 Aug 2024,10 Feb 2025,Treasury Bills,"50,000",KES
2517/364,KE9500003323,GOVERNMENT OF KENYA,12 Aug 2024,11 Aug 2025,Treasury Bills,"50,000",KES
2591/091,KE9500003430,GOVERNMENT OF KENYA,19 Aug 2024,18 Nov 2024,Treasury Bills,"50,000",KES
2564/182,KE9500003547,GOVERNMENT OF KENYA,19 Aug 2024,17 Feb 2025,Treasury Bills,"50,000",KES
2518/364,KE9500003653,GOVERNMENT OF KENYA,19 Aug 2024,18 Aug 2025,Treasury Bills,"50,000",KES
2592/091,KE9500003760,GOVERNMENT OF KENYA,26 Aug 2024,25 Nov 2024,Treasury Bills,"50,000",KES
2565/182,KE9500003877,GOVERNMENT OF KENYA,26 Aug 2024,24 Feb 2025,Treasury Bills,"50,000",KES
2519/364,KE9500003984,GOVERNMENT OF KENYA,26 Aug 2024,25 Aug 2025,Treasury Bills,"50,000",KES
2593/091,KE9500004099,GOVERNMENT OF KENYA,02 Sep 2024,02 Dec 2024,Treasury Bills,"50,000",KES
2566/182,KE9500004107,GOVERNMENT OF KENYA,02 Sep 2024,03 Mar 2025,Treasury Bills,"50,000",KES
2520/364,KE9500004214,GOVERNMENT OF KENYA,02 Sep 2024,01 Sep 2025,Treasury Bills,"50,000",KES
2594/091,KE9500004438,GOVERNMENT OF KENYA,09 Sep 2024,09 Dec 2024,Treasury Bills,"50,000",KES
2567/182,KE9500004545,GOVERNMENT OF KENYA,09 Sep 2024,10 Mar 2025,Treasury Bills,"50,000",KES
2521/364,KE9500004768,GOVERNMENT OF KENYA,09 Sep 2024,08 Sep 2025,Treasury Bills,"50,000",KES
2595/091,KE9500004875,GOVERNMENT OF KENYA,16 Sep 2024,16 Dec 2024,Treasury Bills,"50,000",KES
2568/182,KE9500004982,GOVERNMENT OF KENYA,16 Sep 2024,17 Mar 2025,Treasury Bills,"50,000",KES
2522/364,KE9500005096,GOVERNMENT OF KENYA,16 Sep 2024,15 Sep 2025,Treasury Bills,"50,000",KES
2596/091,KE9500005104,GOVERNMENT OF KENYA,23 Sep 2024,23 Dec 2024,Treasury Bills,"50,000",KES
2569/182,KE9500005328,GOVERNMENT OF KENYA,23 Sep 2024,24 Mar 2025,Treasury Bills,"50,000",KES
2523/364,KE9500005435,GOVERNMENT OF KENYA,23 Sep 2024,22 Sep 2025,Treasury Bills,"50,000",KES
2597/091,KE9500005542,GOVERNMENT OF KENYA,30 Sep 2024,30 Dec 2024,Treasury Bills,"50,000",KES
2570/182,KE9500005658,GOVERNMENT OF KENYA,30 Sep 2024,31 Mar 2025,Treasury Bills,"50,000",KES
2524/364,KE9500005765,GOVERNMENT OF KENYA,30 Sep 2024,29 Sep 2025,Treasury Bills,"50,000",KES
2598/091,KE9500005872,GOVERNMENT OF KENYA,07 Oct 2024,06 Jan 2025,Treasury Bills,"50,000",KES
2571/182,KE9500005989,GOVERNMENT OF KENYA,07 Oct 2024,07 Apr 2025,Treasury Bills,"50,000",KES
2525/364,KE9500006094,GOVERNMENT OF KENYA,07 Oct 2024,06 Oct 2025,Treasury Bills,"50,000",KES
2599/091,KE9500006102,GOVERNMENT OF KENYA,14 Oct 2024,13 Jan 2025,Treasury Bills,"50,000",KES
2572/182,KE9500006219,GOVERNMENT OF KENYA,14 Oct 2024,14 Apr 2025,Treasury Bills,"50,000",KES
2526/364,KE9500006326,GOVERNMENT OF KENYA,14 Oct 2024,13 Oct 2025,Treasury Bills,"50,000",KES
2600/091,KE9500006433,GOVERNMENT OF KENYA,21 Oct 2024,20 Jan 2025,Treasury Bills,"50,000",KES
2573/182,KE9500006540,GOVERNMENT OF KENYA,21 Oct 2024,21 Apr 2025,Treasury Bills,"50,000",KES
2527/364,KE9500006656,GOVERNMENT OF KENYA,21 Oct 2024,20 Oct 2025,Treasury Bills,"50,000",KES
2601/091,KE9500006763,GOVERNMENT OF KENYA,28 Oct 2024,27 Jan 2025,Treasury Bills,"50,000",KES
2574/182,KE9500006870,GOVERNMENT OF KENYA,28 Oct 2024,28 Apr 2025,Treasury Bills,"50,000",KES
2528/364,KE9500006987,GOVERNMENT OF KENYA,28 Oct 2024,27 Oct 2025,Treasury Bills,"50,000",KES
2602/091,KE9500007092,GOVERNMENT OF KENYA,04 Nov 2024,03 Feb 2025,Treasury Bills,"50,000",KES
2575/182,KE9500007100,GOVERNMENT OF KENYA,04 Nov 2024,05 May 2025,Treasury Bills,"50,000",KES
2529/364,KE9500007217,GOVERNMENT OF KENYA,04 Nov 2024,03 Nov 2025,Treasury Bills,"50,000",KES
2603/091,KE9500007324,GOVERNMENT OF KENYA,11 Nov 2024,10 Feb 2025,Treasury Bills,"50,000",KES
2576/182,KE9500007548,GOVERNMENT OF KENYA,11 Nov 2024,12 May 2025,Treasury Bills,"50,000",KES
2530/364,KE9500007654,GOVERNMENT OF KENYA,11 Nov 2024,10 Nov 2025,Treasury Bills,"50,000",KES
2604/091,KE9500007878,GOVERNMENT OF KENYA,18 Nov 2024,17 Feb 2025,Treasury Bills,"50,000",KES
2577/182,KE9500007985,GOVERNMENT OF KENYA,18 Nov 2024,19 May 2025,Treasury Bills,"50,000",KES
2531/364,KE9500008090,GOVERNMENT OF KENYA,18 Nov 2024,17 Nov 2025,Treasury Bills,"50,000",KES
2605/091,KE9500008108,GOVERNMENT OF KENYA,25 Nov 2024,24 Feb 2025,Treasury Bills,"50,000",KES
2578/182,KE9500008215,GOVERNMENT OF KENYA,25 Nov 2024,26 May 2025,Treasury Bills,"50,000",KES
2532/364,KE9500008322,GOVERNMENT OF KENYA,25 Nov 2024,24 Nov 2025,Treasury Bills,"50,000",KES
2533/364,KE9500008439,GOVERNMENT OF KENYA,25 Nov 2024,24 Nov 2025,Treasury Bills,"50,000",KES
2606/091,KE9500008546,GOVERNMENT OF KENYA,02 Dec 2024,03 Mar 2025,Treasury Bills,"50,000",KES
2579/182,KE9500008652,GOVERNMENT OF KENYA,02 Dec 2024,02 Jun 2025,Treasury Bills,"50,000",KES
2534/364,KE9500008769,GOVERNMENT OF KENYA,02 Dec 2024,01 Dec 2025,Treasury Bills,"50,000",KES
2607/091,KE9500008876,GOVERNMENT OF KENYA,09 Dec 2024,10 Mar 2025,Treasury Bills,"50,000",KES
2580/182,KE9500008983,GOVERNMENT OF KENYA,09 Dec 2024,09 Jun 2025,Treasury Bills,"50,000",KES
2535/364,KE9500009098,GOVERNMENT OF KENYA,09 Dec 2024,08 Dec 2025,Treasury Bills,"50,000",KES
2608/091,KE9500009106,GOVERNMENT OF KENYA,16 Dec 2024,17 Mar 2025,Treasury Bills,"50,000",KES
2581/182,KE9500009213,GOVERNMENT OF KENYA,16 Dec 2024,16 Jun 2025,Treasury Bills,"50,000",KES
2536/364,KE9500009320,GOVERNMENT OF KENYA,16 Dec 2024,15 Dec 2025,Treasury Bills,"50,000",KES
2609/091,KE9500009437,GOVERNMENT OF KENYA,23 Dec 2024,24 Mar 2025,Treasury Bills,"50,000",KES
2582/182,KE9500009544,GOVERNMENT OF KENYA,23 Dec 2024,23 Jun 2025,Treasury Bills,"50,000",KES
2537/364,KE9500009650,GOVERNMENT OF KENYA,23 Dec 2024,22 Dec 2025,Treasury Bills,"50,000",KES
2610/091,KE9500009767,GOVERNMENT OF KENYA,30 Dec 2024,31 Mar 2025,Treasury Bills,"50,000",KES
2583/182,KE9500009874,GOVERNMENT OF KENYA,30 Dec 2024,30 Jun 2025,Treasury Bills,"50,000",KES
2538/364,KE9600000096,GOVERNMENT OF KENYA,30 Dec 2024,29 Dec 2025,Treasury Bills,"50,000",KES
2611/091,KE9600000104,GOVERNMENT OF KENYA,06 Jan 2025,07 Apr 2025,Treasury Bills,"50,000",KES
2584/182,KE9600000328,GOVERNMENT OF KENYA,06 Jan 2025,07 Jul 2025,Treasury Bills,"50,000",KES
2539/364,KE9600000435,GOVERNMENT OF KENYA,06 Jan 2025,05 Jan 2026,Treasury Bills,"50,000",KES
2585/182,KE9600000542,GOVERNMENT OF KENYA,30 Dec 2024,30 Jun 2025,Treasury Bills,"50,000",KES
2612/091,KE9600000658,GOVERNMENT OF KENYA,13 Jan 2025,14 Apr 2025,Treasury Bills,"50,000",KES
2586/182,KE9600000765,GOVERNMENT OF KENYA,13 Jan 2025,14 Jul 2025,Treasury Bills,"50,000",KES
2540/364,KE9600000872,GOVERNMENT OF KENYA,13 Jan 2025,12 Jan 2026,Treasury Bills,"50,000",KES
2613/091,KE9600000989,GOVERNMENT OF KENYA,20 Jan 2025,21 Apr 2025,Treasury Bills,"50,000",KES
2587/182,KE9600001094,GOVERNMENT OF KENYA,20 Jan 2025,21 Jul 2025,Treasury Bills,"50,000",KES
2541/364,KE9600003546,GOVERNMENT OF KENYA,20 Jan 2025,19 Jan 2026,Treasury Bills,"50,000",KES
2614/091,KE9600003652,GOVERNMENT OF KENYA,27 Jan 2025,28 Apr 2025,Treasury Bills,"50,000",KES
2588/182,KE9600003769,GOVERNMENT OF KENYA,27 Jan 2025,28 Jul 2025,Treasury Bills,"50,000",KES
2542/364,KE9600003876,GOVERNMENT OF KENYA,27 Jan 2025,26 Jan 2026,Treasury Bills,"50,000",KES
2615/091,KE9600003983,GOVERNMENT OF KENYA,03 Feb 2025,05 May 2025,Treasury Bills,"50,000",KES
2589/182,KE9600004098,GOVERNMENT OF KENYA,03 Feb 2025,04 Aug 2025,Treasury Bills,"50,000",KES
2543/364,KE9600004106,GOVERNMENT OF KENYA,03 Feb 2025,02 Feb 2026,Treasury Bills,"50,000",KES
2616/091,KE9600004213,GOVERNMENT OF KENYA,10 Feb 2025,12 May 2025,Treasury Bills,"50,000",KES
2590/182,KE9600004320,GOVERNMENT OF KENYA,10 Feb 2025,11 Aug 2025,Treasury Bills,"50,000",KES
2544/364,KE9600004437,GOVERNMENT OF KENYA,10 Feb 2025,09 Feb 2026,Treasury Bills,"50,000",KES
2617/091,KE9600004544,GOVERNMENT OF KENYA,17 Feb 2025,19 May 2025,Treasury Bills,"50,000",KES
2591/182,KE9600004650,GOVERNMENT OF KENYA,17 Feb 2025,18 Aug 2025,Treasury Bills,"50,000",KES
2545/364,KE9600004767,GOVERNMENT OF KENYA,17 Feb 2025,16 Feb 2026,Treasury Bills,"50,000",KES
2618/091,KE9600004874,GOVERNMENT OF KENYA,24 Feb 2025,26 May 2025,Treasury Bills,"50,000",KES
2592/182,KE9600005095,GOVERNMENT OF KENYA,24 Feb 2025,25 Aug 2025,Treasury Bills,"50,000",KES
2546/364,KE9600005103,GOVERNMENT OF KENYA,24 Feb 2025,23 Feb 2026,Treasury Bills,"50,000",KES
2619/091,KE9600005210,GOVERNMENT OF KENYA,03 Mar 2025,02 Jun 2025,Treasury Bills,"50,000",KES
2593/182,KE9600005327,GOVERNMENT OF KENYA,03 Mar 2025,01 Sep 2025,Treasury Bills,"50,000",KES
2547/364,KE9600005434,GOVERNMENT OF KENYA,03 Mar 2025,02 Mar 2026,Treasury Bills,"50,000",KES
2620/091,KE9600005657,GOVERNMENT OF KENYA,10 Mar 2025,09 Jun 2025,Treasury Bills,"50,000",KES
2594/182,KE9600005764,GOVERNMENT OF KENYA,10 Mar 2025,08 Sep 2025,Treasury Bills,"50,000",KES
2548/364,KE9600005988,GOVERNMENT OF KENYA,10 Mar 2025,09 Mar 2026,Treasury Bills,"50,000",KES
2621/091,KE9600006093,GOVERNMENT OF KENYA,17 Mar 2025,16 Jun 2025,Treasury Bills,"50,000",KES
2595/182,KE9600006218,GOVERNMENT OF KENYA,17 Mar 2025,15 Sep 2025,Treasury Bills,"50,000",KES
2549/364,KE9600006325,GOVERNMENT OF KENYA,17 Mar 2025,16 Mar 2026,Treasury Bills,"50,000",KES
2622/091,KE9600006432,GOVERNMENT OF KENYA,24 Mar 2025,23 Jun 2025,Treasury Bills,"50,000",KES
2596/182,KE9600006549,GOVERNMENT OF KENYA,24 Mar 2025,22 Sep 2025,Treasury Bills,"50,000",KES
2550/364,KE9600006655,GOVERNMENT OF KENYA,24 Mar 2025,23 Mar 2026,Treasury Bills,"50,000",KES
2623/091,KE9600006762,GOVERNMENT OF KENYA,31 Mar 2025,30 Jun 2025,Treasury Bills,"50,000",KES
2597/182,KE9600006879,GOVERNMENT OF KENYA,31 Mar 2025,29 Sep 2025,Treasury Bills,"50,000",KES
2551/364,KE9600006986,GOVERNMENT OF KENYA,31 Mar 2025,30 Mar 2026,Treasury Bills,"50,000",KES
2624/091,KE9600007109,GOVERNMENT OF KENYA,07 Apr 2025,07 Jul 2025,Treasury Bills,"50,000",KES
2598/182,KE9600007216,GOVERNMENT OF KENYA,07 Apr 2025,06 Oct 2025,Treasury Bills,"50,000",KES
2552/364,KE9600007323,GOVERNMENT OF KENYA,07 Apr 2025,06 Apr 2026,Treasury Bills,"50,000",KES
2625/091,KE9600007430,GOVERNMENT OF KENYA,14 Apr 2025,14 Jul 2025,Treasury Bills,"50,000",KES
2599/182,KE9600007547,GOVERNMENT OF KENYA,14 Apr 2025,13 Oct 2025,Treasury Bills,"50,000",KES
2553/364,KE9600007653,GOVERNMENT OF KENYA,14 Apr 2025,13 Apr 2026,Treasury Bills,"50,000",KES
2626/091,KE9600007760,GOVERNMENT OF KENYA,21 Apr 2025,21 Jul 2025,Treasury Bills,"50,000",KES
2600/182,KE9600007877,GOVERNMENT OF KENYA,21 Apr 2025,20 Oct 2025,Treasury Bills,"50,000",KES
2554/364,KE9600007984,GOVERNMENT OF KENYA,21 Apr 2025,20 Apr 2026,Treasury Bills,"50,000",KES
2627/091,KE9600008099,GOVERNMENT OF KENYA,28 Apr 2025,28 Jul 2025,Treasury Bills,"50,000",KES
2601/182,KE9600008107,GOVERNMENT OF KENYA,28 Apr 2025,27 Oct 2025,Treasury Bills,"50,000",KES
2555/364,KE9600008214,GOVERNMENT OF KENYA,28 Apr 2025,27 Apr 2026,Treasury Bills,"50,000",KES
2628/091,KE9600008438,GOVERNMENT OF KENYA,05 May 2025,04 Aug 2025,Treasury Bills,"50,000",KES
2602/182,KE9600008545,GOVERNMENT OF KENYA,05 May 2025,03 Nov 2025,Treasury Bills,"50,000",KES
2556/364,KE9600008768,GOVERNMENT OF KENYA,05 May 2025,04 May 2026,Treasury Bills,"50,000",KES
2629/091,KE9600008875,GOVERNMENT OF KENYA,12 May 2025,11 Aug 2025,Treasury Bills,"50,000",KES
2603/182,KE9600008982,GOVERNMENT OF KENYA,12 May 2025,10 Nov 2025,Treasury Bills,"50,000",KES
2557/364,KE9600009097,GOVERNMENT OF KENYA,12 May 2025,11 May 2026,Treasury Bills,"50,000",KES
2630/091,KE9600009105,GOVERNMENT OF KENYA,19 May 2025,18 Aug 2025,Treasury Bills,"50,000",KES
2604/182,KE9600009212,GOVERNMENT OF KENYA,19 May 2025,17 Nov 2025,Treasury Bills,"50,000",KES
2558/364,KE9600009329,GOVERNMENT OF KENYA,19 May 2025,18 May 2026,Treasury Bills,"50,000",KES
2631/091,KE9600009436,GOVERNMENT OF KENYA,26 May 2025,25 Aug 2025,Treasury Bills,"50,000",KES
2605/182,KE9600009543,GOVERNMENT OF KENYA,26 May 2025,24 Nov 2025,Treasury Bills,"50,000",KES
2559/364,KE9600009659,GOVERNMENT OF KENYA,26 May 2025,25 May 2026,Treasury Bills,"50,000",KES
2632/091,KE9600009766,GOVERNMENT OF KENYA,02 Jun 2025,01 Sep 2025,Treasury Bills,"50,000",KES
2606/182,KE9600009873,GOVERNMENT OF KENYA,02 Jun 2025,01 Dec 2025,Treasury Bills,"50,000",KES
2560/364,KE9600009980,GOVERNMENT OF KENYA,02 Jun 2025,01 Jun 2026,Treasury Bills,"50,000",KES
2633/091,KE9700000095,GOVERNMENT OF KENYA,09 Jun 2025,08 Sep 2025,Treasury Bills,"50,000",KES
2607/182,KE9700000103,GOVERNMENT OF KENYA,09 Jun 2025,08 Dec 2025,Treasury Bills,"50,000",KES
2561/364,KE9700000210,GOVERNMENT OF KENYA,09 Jun 2025,08 Jun 2026,Treasury Bills,"50,000",KES
2634/091,KE9700000327,GOVERNMENT OF KENYA,16 Jun 2025,15 Sep 2025,Treasury Bills,"50,000",KES
2608/182,KE9700000434,GOVERNMENT OF KENYA,16 Jun 2025,15 Dec 2025,Treasury Bills,"50,000",KES
2562/364,KE9700000657,GOVERNMENT OF KENYA,16 Jun 2025,15 Jun 2026,Treasury Bills,"50,000",KES
2635/091,KE9700000764,GOVERNMENT OF KENYA,23 Jun 2025,22 Sep 2025,Treasury Bills,"50,000",KES
2609/182,KE9700000988,GOVERNMENT OF KENYA,23 Jun 2025,22 Dec 2025,Treasury Bills,"50,000",KES
2563/364,KE9700001093,GOVERNMENT OF KENYA,23 Jun 2025,22 Jun 2026,Treasury Bills,"50,000",KES
2636/091,KE9700001218,GOVERNMENT OF KENYA,30 Jun 2025,29 Sep 2025,Treasury Bills,"50,000",KES
2610/182,KE9700001325,GOVERNMENT OF KENYA,30 Jun 2025,29 Dec 2025,Treasury Bills,"50,000",KES
2564/364,KE9700001432,GOVERNMENT OF KENYA,30 Jun 2025,29 Jun 2026,Treasury Bills,"50,000",KES
2637/091,KE9700001549,GOVERNMENT OF KENYA,07 Jul 2025,06 Oct 2025,Treasury Bills,"50,000",KES
2611/182,KE9700001655,GOVERNMENT OF KENYA,07 Jul 2025,05 Jan 2026,Treasury Bills,"50,000",KES
2565/364,KE9700001762,GOVERNMENT OF KENYA,07 Jul 2025,06 Jul 2026,Treasury Bills,"50,000",KES
2638/091,KE9700001879,GOVERNMENT OF KENYA,14 Jul 2025,13 Oct 2025,Treasury Bills,"50,000",KES
2612/182,KE9700001986,GOVERNMENT OF KENYA,14 Jul 2025,12 Jan 2026,Treasury Bills,"50,000",KES
2566/364,KE9700002109,GOVERNMENT OF KENYA,14 Jul 2025,13 Jul 2026,Treasury Bills,"50,000",KES
2639/091,KE9700002216,GOVERNMENT OF KENYA,21 Jul 2025,20 Oct 2025,Treasury Bills,"50,000",KES
2613/182,KE9700002323,GOVERNMENT OF KENYA,21 Jul 2025,19 Jan 2026,Treasury Bills,"50,000",KES
2567/364,KE9700002430,GOVERNMENT OF KENYA,21 Jul 2025,20 Jul 2026,Treasury Bills,"50,000",KES
2640/091,KE9700002547,GOVERNMENT OF KENYA,28 Jul 2025,27 Oct 2025,Treasury Bills,"50,000",KES
2614/182,KE9700002653,GOVERNMENT OF KENYA,28 Jul 2025,26 Jan 2026,Treasury Bills,"50,000",KES
2568/364,KE9700002760,GOVERNMENT OF KENYA,28 Jul 2025,27 Jul 2026,Treasury Bills,"50,000",KES
2641/091,KE9700002877,GOVERNMENT OF KENYA,04 Aug 2025,03 Nov 2025,Treasury Bills,"50,000",KES
2615/182,KE9700002984,GOVERNMENT OF KENYA,04 Aug 2025,02 Feb 2026,Treasury Bills,"50,000",KES
2569/364,KE9700003099,GOVERNMENT OF KENYA,04 Aug 2025,03 Aug 2026,Treasury Bills,"50,000",KES
2642/091,KE9700003107,GOVERNMENT OF KENYA,11 Aug 2025,10 Nov 2025,Treasury Bills,"50,000",KES
2616/182,KE9700003214,GOVERNMENT OF KENYA,11 Aug 2025,09 Feb 2026,Treasury Bills,"50,000",KES
2570/364,KE9700003438,GOVERNMENT OF KENYA,11 Aug 2025,10 Aug 2026,Treasury Bills,"50,000",KES
2643/091,KE9700003545,GOVERNMENT OF KENYA,18 Aug 2025,17 Nov 2025,Treasury Bills,"50,000",KES
2617/182,KE9700003768,GOVERNMENT OF KENYA,18 Aug 2025,16 Feb 2026,Treasury Bills,"50,000",KES
2571/364,KE9700003875,GOVERNMENT OF KENYA,18 Aug 2025,17 Aug 2026,Treasury Bills,"50,000",KES
2644/091,KE9700003982,GOVERNMENT OF KENYA,25 Aug 2025,24 Nov 2025,Treasury Bills,"50,000",KES
2618/182,KE9700004097,GOVERNMENT OF KENYA,25 Aug 2025,23 Feb 2026,Treasury Bills,"50,000",KES
2572/364,KE9700004105,GOVERNMENT OF KENYA,25 Aug 2025,24 Aug 2026,Treasury Bills,"50,000",KES
2645/091,KE9700004212,GOVERNMENT OF KENYA,01 Sep 2025,01 Dec 2025,Treasury Bills,"50,000",KES
2619/182,KE9700004329,GOVERNMENT OF KENYA,01 Sep 2025,02 Mar 2026,Treasury Bills,"50,000",KES
2573/364,KE9700004436,GOVERNMENT OF KENYA,01 Sep 2025,31 Aug 2026,Treasury Bills,"50,000",KES
2646/091,KE9700004543,GOVERNMENT OF KENYA,08 Sep 2025,08 Dec 2025,Treasury Bills,"50,000",KES
2620/182,KE9700004659,GOVERNMENT OF KENYA,08 Sep 2025,09 Mar 2026,Treasury Bills,"50,000",KES
2574/364,KE9700004766,GOVERNMENT OF KENYA,08 Sep 2025,07 Sep 2026,Treasury Bills,"50,000",KES
2647/091,KE9700004873,GOVERNMENT OF KENYA,15 Sep 2025,15 Dec 2025,Treasury Bills,"50,000",KES
2621/182,KE9700004980,GOVERNMENT OF KENYA,15 Sep 2025,16 Mar 2026,Treasury Bills,"50,000",KES
2575/364,KE9700005094,GOVERNMENT OF KENYA,15 Sep 2025,14 Sep 2026,Treasury Bills,"50,000",KES
2648/091,KE9700005102,GOVERNMENT OF KENYA,22 Sep 2025,22 Dec 2025,Treasury Bills,"50,000",KES
2622/182,KE9700005219,GOVERNMENT OF KENYA,22 Sep 2025,23 Mar 2026,Treasury Bills,"50,000",KES
2576/364,KE9700005326,GOVERNMENT OF KENYA,22 Sep 2025,21 Sep 2026,Treasury Bills,"50,000",KES
2649/091,KE9700005433,GOVERNMENT OF KENYA,29 Sep 2025,29 Dec 2025,Treasury Bills,"50,000",KES
2623/182,KE9700005540,GOVERNMENT OF KENYA,29 Sep 2025,30 Mar 2026,Treasury Bills,"50,000",KES
2577/364,KE9700005656,GOVERNMENT OF KENYA,29 Sep 2025,28 Sep 2026,Treasury Bills,"50,000",KES
2650/091,KE9700005763,GOVERNMENT OF KENYA,06 Oct 2025,05 Jan 2026,Treasury Bills,"50,000",KES
2624/182,KE9700005870,GOVERNMENT OF KENYA,06 Oct 2025,06 Apr 2026,Treasury Bills,"50,000",KES
2578/364,KE9700005987,GOVERNMENT OF KENYA,06 Oct 2025,05 Oct 2026,Treasury Bills,"50,000",KES
2651/091,KE9700006092,GOVERNMENT OF KENYA,13 Oct 2025,12 Jan 2026,Treasury Bills,"50,000",KES
2625/182,KE9700006100,GOVERNMENT OF KENYA,13 Oct 2025,13 Apr 2026,Treasury Bills,"50,000",KES
2579/364,KE9700006217,GOVERNMENT OF KENYA,13 Oct 2025,12 Oct 2026,Treasury Bills,"50,000",KES
2652/091,KE9700006324,GOVERNMENT OF KENYA,20 Oct 2025,19 Jan 2026,Treasury Bills,"50,000",KES
2626/182,KE9700006548,GOVERNMENT OF KENYA,20 Oct 2025,20 Apr 2026,Treasury Bills,"50,000",KES
2580/364,KE9700006654,GOVERNMENT OF KENYA,20 Oct 2025,19 Oct 2026,Treasury Bills,"50,000",KES
2653/091,KE9700006878,GOVERNMENT OF KENYA,27 Oct 2025,26 Jan 2026,Treasury Bills,"50,000",KES
2627/182,KE9700006985,GOVERNMENT OF KENYA,27 Oct 2025,27 Apr 2026,Treasury Bills,"50,000",KES
2581/364,KE9700007090,GOVERNMENT OF KENYA,27 Oct 2025,26 Oct 2026,Treasury Bills,"50,000",KES
2654/091,KE9700007108,GOVERNMENT OF KENYA,03 Nov 2025,02 Feb 2026,Treasury Bills,"50,000",KES
2628/182,KE9700007215,GOVERNMENT OF KENYA,03 Nov 2025,04 May 2026,Treasury Bills,"50,000",KES
2582/364,KE9700007322,GOVERNMENT OF KENYA,03 Nov 2025,02 Nov 2026,Treasury Bills,"50,000",KES
2655/091,KE9700007439,GOVERNMENT OF KENYA,10 Nov 2025,09 Feb 2026,Treasury Bills,"50,000",KES
2629/182,KE9700007546,GOVERNMENT OF KENYA,10 Nov 2025,11 May 2026,Treasury Bills,"50,000",KES
2583/364,KE9700007652,GOVERNMENT OF KENYA,10 Nov 2025,09 Nov 2026,Treasury Bills,"50,000",KES
2656/091,KE9700007769,GOVERNMENT OF KENYA,17 Nov 2025,16 Feb 2026,Treasury Bills,"50,000",KES
2630/182,KE9700007876,GOVERNMENT OF KENYA,17 Nov 2025,18 May 2026,Treasury Bills,"50,000",KES
2584/364,KE9700007983,GOVERNMENT OF KENYA,17 Nov 2025,16 Nov 2026,Treasury Bills,"50,000",KES
2657/091,KE9700008098,GOVERNMENT OF KENYA,24 Nov 2025,23 Feb 2026,Treasury Bills,"50,000",KES
2631/182,KE9700008106,GOVERNMENT OF KENYA,24 Nov 2025,25 May 2026,Treasury Bills,"50,000",KES
2585/364,KE9700008213,GOVERNMENT OF KENYA,24 Nov 2025,23 Nov 2026,Treasury Bills,"50,000",KES
2586/364,KE9700008320,GOVERNMENT OF KENYA,24 Nov 2025,23 Nov 2026,Treasury Bills,"50,000",KES
2658/091,KE9700008437,GOVERNMENT OF KENYA,01 Dec 2025,02 Mar 2026,Treasury Bills,"50,000",KES
2632/182,KE9700008544,GOVERNMENT OF KENYA,01 Dec 2025,01 Jun 2026,Treasury Bills,"50,000",KES
2587/364,KE9700008650,GOVERNMENT OF KENYA,01 Dec 2025,30 Nov 2026,Treasury Bills,"50,000",KES
2659/091,KE9700008767,GOVERNMENT OF KENYA,08 Dec 2025,09 Mar 2026,Treasury Bills,"50,000",KES
2633/182,KE9700008874,GOVERNMENT OF KENYA,08 Dec 2025,08 Jun 2026,Treasury Bills,"50,000",KES
2588/364,KE9700009096,GOVERNMENT OF KENYA,08 Dec 2025,07 Dec 2026,Treasury Bills,"50,000",KES
2660/091,KE9700009104,GOVERNMENT OF KENYA,15 Dec 2025,16 Mar 2026,Treasury Bills,"50,000",KES
2634/182,KE9700009328,GOVERNMENT OF KENYA,15 Dec 2025,15 Jun 2026,Treasury Bills,"50,000",KES
2589/364,KE9700009435,GOVERNMENT OF KENYA,15 Dec 2025,14 Dec 2026,Treasury Bills,"50,000",KES
2661/091,KE9700009542,GOVERNMENT OF KENYA,22 Dec 2025,23 Mar 2026,Treasury Bills,"50,000",KES
2635/182,KE9700009658,GOVERNMENT OF KENYA,22 Dec 2025,22 Jun 2026,Treasury Bills,"50,000",KES
2590/364,KE9700009765,GOVERNMENT OF KENYA,22 Dec 2025,21 Dec 2026,Treasury Bills,"50,000",KES
2662/091,KE9700009872,GOVERNMENT OF KENYA,29 Dec 2025,30 Mar 2026,Treasury Bills,"50,000",KES
2636/182,KE9700009989,GOVERNMENT OF KENYA,29 Dec 2025,29 Jun 2026,Treasury Bills,"50,000",KES
2591/364,KE9800000094,GOVERNMENT OF KENYA,29 Dec 2025,28 Dec 2026,Treasury Bills,"50,000",KES
2663/091,KE9800000102,GOVERNMENT OF KENYA,05 Jan 2026,06 Apr 2026,Treasury Bills,"50,000",KES
2637/182,KE9800000219,GOVERNMENT OF KENYA,05 Jan 2026,06 Jul 2026,Treasury Bills,"50,000",KES
2592/364,KE9800000326,GOVERNMENT OF KENYA,05 Jan 2026,04 Jan 2027,Treasury Bills,"50,000",KES
2664/091,KE9800000433,GOVERNMENT OF KENYA,12 Jan 2026,13 Apr 2026,Treasury Bills,"50,000",KES
2638/182,KE9800000540,GOVERNMENT OF KENYA,12 Jan 2026,13 Jul 2026,Treasury Bills,"50,000",KES
2593/364,KE9800000656,GOVERNMENT OF KENYA,12 Jan 2026,11 Jan 2027,Treasury Bills,"50,000",KES
2665/091,KE9800000763,GOVERNMENT OF KENYA,19 Jan 2026,20 Apr 2026,Treasury Bills,"50,000",KES
2639/182,KE9800000870,GOVERNMENT OF KENYA,19 Jan 2026,20 Jul 2026,Treasury Bills,"50,000",KES
2594/364,KE9800000987,GOVERNMENT OF KENYA,19 Jan 2026,18 Jan 2027,Treasury Bills,"50,000",KES
2666/091,KE9800001092,GOVERNMENT OF KENYA,26 Jan 2026,27 Apr 2026,Treasury Bills,"50,000",KES
2640/182,KE9800001100,GOVERNMENT OF KENYA,26 Jan 2026,27 Jul 2026,Treasury Bills,"50,000",KES
2595/364,KE9800001217,GOVERNMENT OF KENYA,26 Jan 2026,25 Jan 2027,Treasury Bills,"50,000",KES
2667/091,KE9800001324,GOVERNMENT OF KENYA,02 Feb 2026,04 May 2026,Treasury Bills,"50,000",KES
2641/182,KE9800001548,GOVERNMENT OF KENYA,02 Feb 2026,03 Aug 2026,Treasury Bills,"50,000",KES
2596/364,KE9800001654,GOVERNMENT OF KENYA,02 Feb 2026,01 Feb 2027,Treasury Bills,"50,000",KES
2668/091,KE9800001878,GOVERNMENT OF KENYA,09 Feb 2026,11 May 2026,Treasury Bills,"50,000",KES
2642/182,KE9800001985,GOVERNMENT OF KENYA,09 Feb 2026,10 Aug 2026,Treasury Bills,"50,000",KES
2597/364,KE9800002090,GOVERNMENT OF KENYA,09 Feb 2026,08 Feb 2027,Treasury Bills,"50,000",KES
2669/091,KE9800002108,GOVERNMENT OF KENYA,16 Feb 2026,18 May 2026,Treasury Bills,"50,000",KES
2643/182,KE9800002215,GOVERNMENT OF KENYA,16 Feb 2026,17 Aug 2026,Treasury Bills,"50,000",KES
2598/364,KE9800002322,GOVERNMENT OF KENYA,16 Feb 2026,15 Feb 2027,Treasury Bills,"50,000",KES
2670/091,KE9800002439,GOVERNMENT OF KENYA,23 Feb 2026,25 May 2026,Treasury Bills,"50,000",KES
2644/182,KE9800002546,GOVERNMENT OF KENYA,23 Feb 2026,24 Aug 2026,Treasury Bills,"50,000",KES
2599/364,KE9800002652,GOVERNMENT OF KENYA,23 Feb 2026,22 Feb 2027,Treasury Bills,"50,000",KES
2671/091,KE9800002769,GOVERNMENT OF KENYA,02 Mar 2026,01 Jun 2026,Treasury Bills,"50,000",KES
2645/182,KE9800002876,GOVERNMENT OF KENYA,02 Mar 2026,31 Aug 2026,Treasury Bills,"50,000",KES
2600/364,KE9800002983,GOVERNMENT OF KENYA,02 Mar 2026,01 Mar 2027,Treasury Bills,"50,000",KES
2672/091,KE9800003098,GOVERNMENT OF KENYA,09 Mar 2026,08 Jun 2026,Treasury Bills,"50,000",KES
2646/182,KE9800003106,GOVERNMENT OF KENYA,09 Mar 2026,07 Sep 2026,Treasury Bills,"50,000",KES
2601/364,KE9800003213,GOVERNMENT OF KENYA,09 Mar 2026,08 Mar 2027,Treasury Bills,"50,000",KES
2673/091,KE9800003320,GOVERNMENT OF KENYA,16 Mar 2026,15 Jun 2026,Treasury Bills,"50,000",KES
2647/182,KE9800003437,GOVERNMENT OF KENYA,16 Mar 2026,14 Sep 2026,Treasury Bills,"50,000",KES
2602/364,KE9800003544,GOVERNMENT OF KENYA,16 Mar 2026,15 Mar 2027,Treasury Bills,"50,000",KES
2674/091,KE9800003650,GOVERNMENT OF KENYA,23 Mar 2026,22 Jun 2026,Treasury Bills,"50,000",KES
2648/182,KE9800003767,GOVERNMENT OF KENYA,23 Mar 2026,21 Sep 2026,Treasury Bills,"50,000",KES
2603/364,KE9800003874,GOVERNMENT OF KENYA,23 Mar 2026,22 Mar 2027,Treasury Bills,"50,000",KES
2675/091,KE9800004096,GOVERNMENT OF KENYA,30 Mar 2026,29 Jun 2026,Treasury Bills,"50,000",KES
2649/182,KE9800004104,GOVERNMENT OF KENYA,30 Mar 2026,28 Sep 2026,Treasury Bills,"50,000",KES
2604/364,KE9800004328,GOVERNMENT OF KENYA,30 Mar 2026,29 Mar 2027,Treasury Bills,"50,000",KES
2676/091,KE9800004435,GOVERNMENT OF KENYA,06 Apr 2026,06 Jul 2026,Treasury Bills,"50,000",KES
2650/182,KE9800004542,GOVERNMENT OF KENYA,06 Apr 2026,05 Oct 2026,Treasury Bills,"50,000",KES
2605/364,KE9800004658,GOVERNMENT OF KENYA,06 Apr 2026,05 Apr 2027,Treasury Bills,"50,000",KES
2677/091,KE9800004765,GOVERNMENT OF KENYA,13 Apr 2026,13 Jul 2026,Treasury Bills,"50,000",KES
2651/182,KE9800004872,GOVERNMENT OF KENYA,13 Apr 2026,12 Oct 2026,Treasury Bills,"50,000",KES
2606/364,KE9800004989,GOVERNMENT OF KENYA,13 Apr 2026,12 Apr 2027,Treasury Bills,"50,000",KES
2678/091,KE9800005093,GOVERNMENT OF KENYA,20 Apr 2026,20 Jul 2026,Treasury Bills,"50,000",KES
2652/182,KE9800005218,GOVERNMENT OF KENYA,20 Apr 2026,19 Oct 2026,Treasury Bills,"50,000",KES
2607/364,KE9800005325,GOVERNMENT OF KENYA,20 Apr 2026,19 Apr 2027,Treasury Bills,"50,000",KES
2679/091,KE9800005432,GOVERNMENT OF KENYA,27 Apr 2026,27 Jul 2026,Treasury Bills,"50,000",KES
2653/182,KE9800005549,GOVERNMENT OF KENYA,27 Apr 2026,26 Oct 2026,Treasury Bills,"50,000",KES
2608/364,KE9800005655,GOVERNMENT OF KENYA,27 Apr 2026,26 Apr 2027,Treasury Bills,"50,000",KES
2680/091,KE9900008989,GOVERNMENT OF KENYA,04 May 2026,03 Aug 2026,Treasury Bills,"50,000",KES
2654/182,KE9900009094,GOVERNMENT OF KENYA,04 May 2026,02 Nov 2026,Treasury Bills,"50,000",KES
2609/364,KE9900009102,GOVERNMENT OF KENYA,04 May 2026,03 May 2027,Treasury Bills,"50,000",KES
2681/091,KE9900009219,GOVERNMENT OF KENYA,11 May 2026,10 Aug 2026,Treasury Bills,"50,000",KES
2655/182,KE9900009326,GOVERNMENT OF KENYA,11 May 2026,09 Nov 2026,Treasury Bills,"50,000",KES
2610/364,KE9900009433,GOVERNMENT OF KENYA,11 May 2026,10 May 2027,Treasury Bills,"50,000",KES
2682/091,KE9900009540,GOVERNMENT OF KENYA,18 May 2026,17 Aug 2026,Treasury Bills,"50,000",KES
2656/182,KE9900009656,GOVERNMENT OF KENYA,18 May 2026,16 Nov 2026,Treasury Bills,"50,000",KES
2611/364,KE9900009763,GOVERNMENT OF KENYA,18 May 2026,17 May 2027,Treasury Bills,"50,000",KES
2683/091,KE9900009870,GOVERNMENT OF KENYA,25 May 2026,24 Aug 2026,Treasury Bills,"50,000",KES
2657/182,KE9900009987,GOVERNMENT OF KENYA,25 May 2026,23 Nov 2026,Treasury Bills,"50,000",KES
2612/364,KE9910000109,GOVERNMENT OF KENYA,25 May 2026,24 May 2027,Treasury Bills,"50,000",KES
2684/091,KE9910000216,GOVERNMENT OF KENYA,01 Jun 2026,31 Aug 2026,Treasury Bills,"50,000",KES
2658/182,KE9910000323,GOVERNMENT OF KENYA,01 Jun 2026,30 Nov 2026,Treasury Bills,"50,000",KES
2613/364,KE9910000430,GOVERNMENT OF KENYA,01 Jun 2026,31 May 2027,Treasury Bills,"50,000",KES
2685/091,KE9910000547,GOVERNMENT OF KENYA,08 Jun 2026,07 Sep 2026,Treasury Bills,"50,000",KES
2659/182,KE9910000653,GOVERNMENT OF KENYA,08 Jun 2026,07 Dec 2026,Treasury Bills,"50,000",KES
2614/364,KE9910000760,GOVERNMENT OF KENYA,08 Jun 2026,07 Jun 2027,Treasury Bills,"50,000",KES
2686/091,KE9910000877,GOVERNMENT OF KENYA,15 Jun 2026,14 Sep 2026,Treasury Bills,"50,000",KES
2660/182,KE9910000984,GOVERNMENT OF KENYA,15 Jun 2026,14 Dec 2026,Treasury Bills,"50,000",KES
2615/364,KE9910001099,GOVERNMENT OF KENYA,15 Jun 2026,14 Jun 2027,Treasury Bills,"50,000",KES
2687/091,KE9910001107,GOVERNMENT OF KENYA,22 Jun 2026,21 Sep 2026,Treasury Bills,"50,000",KES
2661/182,KE9910001214,GOVERNMENT OF KENYA,22 Jun 2026,21 Dec 2026,Treasury Bills,"50,000",KES
2616/364,KE9910001438,GOVERNMENT OF KENYA,22 Jun 2026,21 Jun 2027,Treasury Bills,"50,000",KES
2688/091,KE9910001545,GOVERNMENT OF KENYA,29 Jun 2026,28 Sep 2026,Treasury Bills,"50,000",KES
2662/182,KE9910001768,GOVERNMENT OF KENYA,29 Jun 2026,28 Dec 2026,Treasury Bills,"50,000",KES
2617/364,KE9910001875,GOVERNMENT OF KENYA,29 Jun 2026,28 Jun 2027,Treasury Bills,"50,000",KES
2689/091,KE9910001982,GOVERNMENT OF KENYA,06 Jul 2026,05 Oct 2026,Treasury Bills,"50,000",KES
2663/182,KE9910002097,GOVERNMENT OF KENYA,06 Jul 2026,04 Jan 2027,Treasury Bills,"50,000",KES
2618/364,KE9910002105,GOVERNMENT OF KENYA,06 Jul 2026,05 Jul 2027,Treasury Bills,"50,000",KES
2690/091,KE9910002212,GOVERNMENT OF KENYA,13 Jul 2026,12 Oct 2026,Treasury Bills,"50,000",KES
2664/182,KE9910002329,GOVERNMENT OF KENYA,13 Jul 2026,11 Jan 2027,Treasury Bills,"50,000",KES
2619/364,KE9910002436,GOVERNMENT OF KENYA,13 Jul 2026,12 Jul 2027,Treasury Bills,"50,000",KES
2691/091,KE9910002543,GOVERNMENT OF KENYA,20 Jul 2026,19 Oct 2026,Treasury Bills,"50,000",KES
2665/182,KE9910002659,GOVERNMENT OF KENYA,20 Jul 2026,18 Jan 2027,Treasury Bills,"50,000",KES
2620/364,KE9910002766,GOVERNMENT OF KENYA,20 Jul 2026,19 Jul 2027,Treasury Bills,"50,000",KES
2692/091,KE9910002873,GOVERNMENT OF KENYA,27 Jul 2026,26 Oct 2026,Treasury Bills,"50,000",KES
2666/182,KE9910002980,GOVERNMENT OF KENYA,27 Jul 2026,25 Jan 2027,Treasury Bills,"50,000",KES
2621/364,KE9910003095,GOVERNMENT OF KENYA,27 Jul 2026,26 Jul 2027,Treasury Bills,"50,000",KES
2693/091,KE9910003103,GOVERNMENT OF KENYA,03 Aug 2026,02 Nov 2026,Treasury Bills,"50,000",KES
2667/182,KE9910003210,GOVERNMENT OF KENYA,03 Aug 2026,01 Feb 2027,Treasury Bills,"50,000",KES
2622/364,KE9910003327,GOVERNMENT OF KENYA,03 Aug 2026,02 Aug 2027,Treasury Bills,"50,000",KES
